id,pred
S_507_509,0
S_507_511,0
S_507_512,0
S_507_521,0
S_507_536,0
S_507_538,0
S_507_549,0
S_507_553,0
S_507_556,0
S_507_559,0
S_507_562,0
S_507_569,0
S_507_570,0
S_507_577,0
S_507_580,0
S_507_592,0
S_507_599,0
S_507_607,0
S_507_612,0
S_507_628,0
S_507_629,0
S_507_636,0
S_507_637,0
S_507_640,0
S_507_651,0
S_507_658,0
S_507_663,0
S_507_666,0
S_507_667,0
S_507_670,0
S_507_671,0
S_507_686,0
S_507_689,0
S_507_694,0
S_507_695,0
S_507_698,0
S_507_701,0
S_507_702,0
S_507_708,0
S_507_720,0
S_507_721,0
S_507_722,0
S_507_725,0
S_507_731,0
S_507_737,0
S_507_754,0
S_507_765,0
S_507_779,0
S_507_780,0
S_507_783,0
S_507_786,0
S_507_790,0
S_507_793,0
S_507_802,0
S_507_804,0
S_507_810,0
S_507_811,0
S_507_825,0
S_507_829,0
S_507_830,0
S_507_836,0
S_507_842,0
S_507_845,0
S_507_846,0
S_507_849,0
S_507_850,0
S_507_853,0
S_509_511,0
S_509_512,0
S_509_521,0
S_509_536,0
S_509_538,0
S_509_549,0
S_509_553,0
S_509_556,0
S_509_559,0
S_509_562,0
S_509_569,0
S_509_570,0
S_509_577,0
S_509_580,0
S_509_592,0
S_509_599,0
S_509_607,0
S_509_612,0
S_509_628,0
S_509_629,0
S_509_636,0
S_509_637,0
S_509_640,0
S_509_651,0
S_509_658,0
S_509_663,0
S_509_666,0
S_509_667,0
S_509_670,0
S_509_671,0
S_509_686,0
S_509_689,0
S_509_694,0
S_509_695,0
S_509_698,0
S_509_701,0
S_509_702,0
S_509_708,0
S_509_720,0
S_509_721,0
S_509_722,0
S_509_725,0
S_509_731,0
S_509_737,0
S_509_754,0
S_509_765,0
S_509_779,0
S_509_780,0
S_509_783,0
S_509_786,0
S_509_790,0
S_509_793,0
S_509_802,0
S_509_804,0
S_509_810,0
S_509_811,0
S_509_825,0
S_509_829,0
S_509_830,0
S_509_836,0
S_509_842,0
S_509_845,0
S_509_846,0
S_509_849,0
S_509_850,0
S_509_853,0
S_511_512,0
S_511_521,0
S_511_536,0
S_511_538,0
S_511_549,0
S_511_553,0
S_511_556,0
S_511_559,0
S_511_562,0
S_511_569,0
S_511_570,0
S_511_577,0
S_511_580,0
S_511_592,0
S_511_599,0
S_511_607,0
S_511_612,0
S_511_628,0
S_511_629,0
S_511_636,0
S_511_637,0
S_511_640,0
S_511_651,0
S_511_658,0
S_511_663,0
S_511_666,0
S_511_667,0
S_511_670,0
S_511_671,0
S_511_686,0
S_511_689,0
S_511_694,0
S_511_695,0
S_511_698,0
S_511_701,0
S_511_702,0
S_511_708,0
S_511_720,0
S_511_721,0
S_511_722,0
S_511_725,0
S_511_731,0
S_511_737,0
S_511_754,0
S_511_765,0
S_511_779,0
S_511_780,0
S_511_783,0
S_511_786,0
S_511_790,0
S_511_793,0
S_511_802,0
S_511_804,0
S_511_810,0
S_511_811,0
S_511_825,0
S_511_829,0
S_511_830,0
S_511_836,0
S_511_842,0
S_511_845,0
S_511_846,0
S_511_849,0
S_511_850,0
S_511_853,0
S_512_521,0
S_512_536,0
S_512_538,0
S_512_549,0
S_512_553,0
S_512_556,0
S_512_559,0
S_512_562,0
S_512_569,0
S_512_570,0
S_512_577,0
S_512_580,0
S_512_592,0
S_512_599,0
S_512_607,0
S_512_612,0
S_512_628,0
S_512_629,0
S_512_636,0
S_512_637,0
S_512_640,0
S_512_651,0
S_512_658,0
S_512_663,0
S_512_666,0
S_512_667,0
S_512_670,0
S_512_671,0
S_512_686,0
S_512_689,0
S_512_694,0
S_512_695,0
S_512_698,0
S_512_701,0
S_512_702,0
S_512_708,0
S_512_720,0
S_512_721,0
S_512_722,0
S_512_725,0
S_512_731,0
S_512_737,0
S_512_754,0
S_512_765,0
S_512_779,0
S_512_780,0
S_512_783,0
S_512_786,0
S_512_790,0
S_512_793,0
S_512_802,0
S_512_804,0
S_512_810,0
S_512_811,0
S_512_825,0
S_512_829,0
S_512_830,0
S_512_836,0
S_512_842,0
S_512_845,0
S_512_846,0
S_512_849,0
S_512_850,0
S_512_853,0
S_521_536,0
S_521_538,0
S_521_549,0
S_521_553,0
S_521_556,0
S_521_559,0
S_521_562,0
S_521_569,0
S_521_570,0
S_521_577,0
S_521_580,0
S_521_592,0
S_521_599,0
S_521_607,0
S_521_612,0
S_521_628,0
S_521_629,0
S_521_636,0
S_521_637,0
S_521_640,0
S_521_651,0
S_521_658,0
S_521_663,0
S_521_666,0
S_521_667,0
S_521_670,0
S_521_671,0
S_521_686,0
S_521_689,0
S_521_694,0
S_521_695,0
S_521_698,0
S_521_701,0
S_521_702,0
S_521_708,0
S_521_720,0
S_521_721,0
S_521_722,0
S_521_725,0
S_521_731,0
S_521_737,0
S_521_754,0
S_521_765,0
S_521_779,0
S_521_780,0
S_521_783,0
S_521_786,0
S_521_790,0
S_521_793,0
S_521_802,0
S_521_804,0
S_521_810,0
S_521_811,0
S_521_825,0
S_521_829,0
S_521_830,0
S_521_836,0
S_521_842,0
S_521_845,0
S_521_846,0
S_521_849,0
S_521_850,0
S_521_853,0
S_536_538,0
S_536_549,0
S_536_553,0
S_536_556,0
S_536_559,0
S_536_562,0
S_536_569,0
S_536_570,0
S_536_577,0
S_536_580,0
S_536_592,0
S_536_599,0
S_536_607,0
S_536_612,0
S_536_628,0
S_536_629,0
S_536_636,0
S_536_637,0
S_536_640,0
S_536_651,0
S_536_658,0
S_536_663,0
S_536_666,0
S_536_667,0
S_536_670,0
S_536_671,0
S_536_686,0
S_536_689,0
S_536_694,0
S_536_695,0
S_536_698,0
S_536_701,0
S_536_702,0
S_536_708,0
S_536_720,0
S_536_721,0
S_536_722,0
S_536_725,0
S_536_731,0
S_536_737,0
S_536_754,0
S_536_765,0
S_536_779,0
S_536_780,0
S_536_783,0
S_536_786,0
S_536_790,0
S_536_793,0
S_536_802,0
S_536_804,0
S_536_810,0
S_536_811,0
S_536_825,0
S_536_829,0
S_536_830,0
S_536_836,0
S_536_842,0
S_536_845,0
S_536_846,0
S_536_849,0
S_536_850,0
S_536_853,0
S_538_549,0
S_538_553,0
S_538_556,0
S_538_559,0
S_538_562,0
S_538_569,0
S_538_570,0
S_538_577,0
S_538_580,0
S_538_592,0
S_538_599,0
S_538_607,0
S_538_612,0
S_538_628,0
S_538_629,0
S_538_636,0
S_538_637,0
S_538_640,0
S_538_651,0
S_538_658,0
S_538_663,0
S_538_666,0
S_538_667,0
S_538_670,0
S_538_671,0
S_538_686,0
S_538_689,0
S_538_694,0
S_538_695,0
S_538_698,0
S_538_701,0
S_538_702,0
S_538_708,0
S_538_720,0
S_538_721,0
S_538_722,0
S_538_725,0
S_538_731,0
S_538_737,0
S_538_754,0
S_538_765,0
S_538_779,0
S_538_780,0
S_538_783,0
S_538_786,0
S_538_790,0
S_538_793,0
S_538_802,0
S_538_804,0
S_538_810,0
S_538_811,0
S_538_825,0
S_538_829,0
S_538_830,0
S_538_836,0
S_538_842,0
S_538_845,0
S_538_846,0
S_538_849,0
S_538_850,0
S_538_853,0
S_549_553,0
S_549_556,0
S_549_559,0
S_549_562,0
S_549_569,0
S_549_570,0
S_549_577,0
S_549_580,0
S_549_592,0
S_549_599,0
S_549_607,0
S_549_612,0
S_549_628,0
S_549_629,0
S_549_636,0
S_549_637,0
S_549_640,0
S_549_651,0
S_549_658,0
S_549_663,0
S_549_666,0
S_549_667,0
S_549_670,0
S_549_671,0
S_549_686,0
S_549_689,0
S_549_694,0
S_549_695,0
S_549_698,0
S_549_701,0
S_549_702,0
S_549_708,0
S_549_720,0
S_549_721,0
S_549_722,0
S_549_725,0
S_549_731,0
S_549_737,0
S_549_754,0
S_549_765,0
S_549_779,0
S_549_780,0
S_549_783,0
S_549_786,0
S_549_790,0
S_549_793,0
S_549_802,0
S_549_804,0
S_549_810,0
S_549_811,0
S_549_825,0
S_549_829,0
S_549_830,0
S_549_836,0
S_549_842,0
S_549_845,0
S_549_846,0
S_549_849,0
S_549_850,0
S_549_853,0
S_553_556,0
S_553_559,0
S_553_562,0
S_553_569,0
S_553_570,0
S_553_577,0
S_553_580,0
S_553_592,0
S_553_599,0
S_553_607,0
S_553_612,0
S_553_628,0
S_553_629,0
S_553_636,0
S_553_637,0
S_553_640,0
S_553_651,0
S_553_658,0
S_553_663,0
S_553_666,0
S_553_667,0
S_553_670,0
S_553_671,0
S_553_686,0
S_553_689,0
S_553_694,0
S_553_695,0
S_553_698,0
S_553_701,0
S_553_702,0
S_553_708,0
S_553_720,0
S_553_721,0
S_553_722,0
S_553_725,0
S_553_731,0
S_553_737,0
S_553_754,0
S_553_765,0
S_553_779,0
S_553_780,0
S_553_783,0
S_553_786,0
S_553_790,0
S_553_793,0
S_553_802,0
S_553_804,0
S_553_810,0
S_553_811,0
S_553_825,0
S_553_829,0
S_553_830,0
S_553_836,0
S_553_842,0
S_553_845,0
S_553_846,0
S_553_849,0
S_553_850,0
S_553_853,0
S_556_559,0
S_556_562,0
S_556_569,0
S_556_570,0
S_556_577,0
S_556_580,0
S_556_592,0
S_556_599,0
S_556_607,0
S_556_612,0
S_556_628,0
S_556_629,0
S_556_636,0
S_556_637,0
S_556_640,0
S_556_651,0
S_556_658,0
S_556_663,0
S_556_666,0
S_556_667,0
S_556_670,0
S_556_671,0
S_556_686,0
S_556_689,0
S_556_694,0
S_556_695,0
S_556_698,0
S_556_701,0
S_556_702,0
S_556_708,0
S_556_720,0
S_556_721,0
S_556_722,0
S_556_725,0
S_556_731,0
S_556_737,0
S_556_754,0
S_556_765,0
S_556_779,0
S_556_780,0
S_556_783,0
S_556_786,0
S_556_790,0
S_556_793,0
S_556_802,0
S_556_804,0
S_556_810,0
S_556_811,0
S_556_825,0
S_556_829,0
S_556_830,0
S_556_836,0
S_556_842,0
S_556_845,0
S_556_846,0
S_556_849,0
S_556_850,0
S_556_853,0
S_559_562,0
S_559_569,0
S_559_570,0
S_559_577,0
S_559_580,0
S_559_592,0
S_559_599,0
S_559_607,0
S_559_612,0
S_559_628,0
S_559_629,0
S_559_636,0
S_559_637,0
S_559_640,0
S_559_651,0
S_559_658,0
S_559_663,0
S_559_666,0
S_559_667,0
S_559_670,0
S_559_671,0
S_559_686,0
S_559_689,0
S_559_694,0
S_559_695,0
S_559_698,0
S_559_701,0
S_559_702,0
S_559_708,0
S_559_720,0
S_559_721,0
S_559_722,0
S_559_725,0
S_559_731,0
S_559_737,0
S_559_754,0
S_559_765,0
S_559_779,0
S_559_780,0
S_559_783,0
S_559_786,0
S_559_790,0
S_559_793,0
S_559_802,0
S_559_804,0
S_559_810,0
S_559_811,0
S_559_825,0
S_559_829,0
S_559_830,0
S_559_836,0
S_559_842,0
S_559_845,0
S_559_846,0
S_559_849,0
S_559_850,0
S_559_853,0
S_562_569,0
S_562_570,0
S_562_577,0
S_562_580,0
S_562_592,0
S_562_599,0
S_562_607,0
S_562_612,0
S_562_628,0
S_562_629,0
S_562_636,0
S_562_637,0
S_562_640,0
S_562_651,0
S_562_658,0
S_562_663,0
S_562_666,0
S_562_667,0
S_562_670,0
S_562_671,0
S_562_686,0
S_562_689,0
S_562_694,0
S_562_695,0
S_562_698,0
S_562_701,0
S_562_702,0
S_562_708,0
S_562_720,0
S_562_721,0
S_562_722,0
S_562_725,0
S_562_731,0
S_562_737,0
S_562_754,0
S_562_765,0
S_562_779,0
S_562_780,0
S_562_783,0
S_562_786,0
S_562_790,0
S_562_793,0
S_562_802,0
S_562_804,0
S_562_810,0
S_562_811,0
S_562_825,0
S_562_829,0
S_562_830,0
S_562_836,0
S_562_842,0
S_562_845,0
S_562_846,0
S_562_849,0
S_562_850,0
S_562_853,0
S_569_570,0
S_569_577,0
S_569_580,0
S_569_592,0
S_569_599,0
S_569_607,0
S_569_612,0
S_569_628,0
S_569_629,0
S_569_636,0
S_569_637,0
S_569_640,0
S_569_651,0
S_569_658,0
S_569_663,0
S_569_666,0
S_569_667,0
S_569_670,0
S_569_671,0
S_569_686,0
S_569_689,0
S_569_694,0
S_569_695,0
S_569_698,0
S_569_701,0
S_569_702,0
S_569_708,0
S_569_720,0
S_569_721,0
S_569_722,0
S_569_725,0
S_569_731,0
S_569_737,0
S_569_754,0
S_569_765,0
S_569_779,0
S_569_780,0
S_569_783,0
S_569_786,0
S_569_790,0
S_569_793,0
S_569_802,0
S_569_804,0
S_569_810,0
S_569_811,0
S_569_825,0
S_569_829,0
S_569_830,0
S_569_836,0
S_569_842,0
S_569_845,0
S_569_846,0
S_569_849,0
S_569_850,0
S_569_853,0
S_570_577,0
S_570_580,0
S_570_592,0
S_570_599,0
S_570_607,0
S_570_612,0
S_570_628,0
S_570_629,0
S_570_636,0
S_570_637,0
S_570_640,0
S_570_651,0
S_570_658,0
S_570_663,0
S_570_666,0
S_570_667,0
S_570_670,0
S_570_671,0
S_570_686,0
S_570_689,0
S_570_694,0
S_570_695,0
S_570_698,0
S_570_701,0
S_570_702,0
S_570_708,0
S_570_720,0
S_570_721,0
S_570_722,0
S_570_725,0
S_570_731,0
S_570_737,0
S_570_754,0
S_570_765,0
S_570_779,0
S_570_780,0
S_570_783,0
S_570_786,0
S_570_790,0
S_570_793,0
S_570_802,0
S_570_804,0
S_570_810,0
S_570_811,0
S_570_825,0
S_570_829,0
S_570_830,0
S_570_836,0
S_570_842,0
S_570_845,0
S_570_846,0
S_570_849,0
S_570_850,0
S_570_853,0
S_577_580,0
S_577_592,0
S_577_599,0
S_577_607,0
S_577_612,0
S_577_628,0
S_577_629,0
S_577_636,0
S_577_637,0
S_577_640,0
S_577_651,0
S_577_658,0
S_577_663,0
S_577_666,0
S_577_667,0
S_577_670,0
S_577_671,0
S_577_686,0
S_577_689,0
S_577_694,0
S_577_695,0
S_577_698,0
S_577_701,0
S_577_702,0
S_577_708,0
S_577_720,0
S_577_721,0
S_577_722,0
S_577_725,0
S_577_731,0
S_577_737,0
S_577_754,0
S_577_765,0
S_577_779,0
S_577_780,0
S_577_783,0
S_577_786,0
S_577_790,0
S_577_793,0
S_577_802,0
S_577_804,0
S_577_810,0
S_577_811,0
S_577_825,0
S_577_829,0
S_577_830,0
S_577_836,0
S_577_842,0
S_577_845,0
S_577_846,0
S_577_849,0
S_577_850,0
S_577_853,0
S_580_592,0
S_580_599,0
S_580_607,0
S_580_612,0
S_580_628,0
S_580_629,0
S_580_636,0
S_580_637,0
S_580_640,0
S_580_651,0
S_580_658,0
S_580_663,0
S_580_666,0
S_580_667,0
S_580_670,0
S_580_671,0
S_580_686,0
S_580_689,0
S_580_694,0
S_580_695,0
S_580_698,0
S_580_701,0
S_580_702,0
S_580_708,0
S_580_720,0
S_580_721,0
S_580_722,0
S_580_725,0
S_580_731,0
S_580_737,0
S_580_754,0
S_580_765,0
S_580_779,0
S_580_780,0
S_580_783,0
S_580_786,0
S_580_790,0
S_580_793,0
S_580_802,0
S_580_804,0
S_580_810,0
S_580_811,0
S_580_825,0
S_580_829,0
S_580_830,0
S_580_836,0
S_580_842,0
S_580_845,0
S_580_846,0
S_580_849,0
S_580_850,0
S_580_853,0
S_592_599,0
S_592_607,0
S_592_612,0
S_592_628,0
S_592_629,0
S_592_636,0
S_592_637,0
S_592_640,0
S_592_651,0
S_592_658,0
S_592_663,0
S_592_666,0
S_592_667,0
S_592_670,0
S_592_671,0
S_592_686,0
S_592_689,0
S_592_694,0
S_592_695,0
S_592_698,0
S_592_701,0
S_592_702,0
S_592_708,0
S_592_720,0
S_592_721,0
S_592_722,0
S_592_725,0
S_592_731,0
S_592_737,0
S_592_754,0
S_592_765,0
S_592_779,0
S_592_780,0
S_592_783,0
S_592_786,0
S_592_790,0
S_592_793,0
S_592_802,0
S_592_804,0
S_592_810,0
S_592_811,0
S_592_825,0
S_592_829,0
S_592_830,0
S_592_836,0
S_592_842,0
S_592_845,0
S_592_846,0
S_592_849,0
S_592_850,0
S_592_853,0
S_599_607,0
S_599_612,0
S_599_628,0
S_599_629,0
S_599_636,0
S_599_637,0
S_599_640,0
S_599_651,0
S_599_658,0
S_599_663,0
S_599_666,0
S_599_667,0
S_599_670,0
S_599_671,0
S_599_686,0
S_599_689,0
S_599_694,0
S_599_695,0
S_599_698,0
S_599_701,0
S_599_702,0
S_599_708,0
S_599_720,0
S_599_721,0
S_599_722,0
S_599_725,0
S_599_731,0
S_599_737,0
S_599_754,0
S_599_765,0
S_599_779,0
S_599_780,0
S_599_783,0
S_599_786,0
S_599_790,0
S_599_793,0
S_599_802,0
S_599_804,0
S_599_810,0
S_599_811,0
S_599_825,0
S_599_829,0
S_599_830,0
S_599_836,0
S_599_842,0
S_599_845,0
S_599_846,0
S_599_849,0
S_599_850,0
S_599_853,0
S_607_612,0
S_607_628,0
S_607_629,0
S_607_636,0
S_607_637,0
S_607_640,0
S_607_651,0
S_607_658,0
S_607_663,0
S_607_666,0
S_607_667,0
S_607_670,0
S_607_671,0
S_607_686,0
S_607_689,0
S_607_694,0
S_607_695,0
S_607_698,0
S_607_701,0
S_607_702,0
S_607_708,0
S_607_720,0
S_607_721,0
S_607_722,0
S_607_725,0
S_607_731,0
S_607_737,0
S_607_754,0
S_607_765,0
S_607_779,0
S_607_780,0
S_607_783,0
S_607_786,0
S_607_790,0
S_607_793,0
S_607_802,0
S_607_804,0
S_607_810,0
S_607_811,0
S_607_825,0
S_607_829,0
S_607_830,0
S_607_836,0
S_607_842,0
S_607_845,0
S_607_846,0
S_607_849,0
S_607_850,0
S_607_853,0
S_612_628,0
S_612_629,0
S_612_636,0
S_612_637,0
S_612_640,0
S_612_651,0
S_612_658,0
S_612_663,0
S_612_666,0
S_612_667,0
S_612_670,0
S_612_671,0
S_612_686,0
S_612_689,0
S_612_694,0
S_612_695,0
S_612_698,0
S_612_701,0
S_612_702,0
S_612_708,0
S_612_720,0
S_612_721,0
S_612_722,0
S_612_725,0
S_612_731,0
S_612_737,0
S_612_754,0
S_612_765,0
S_612_779,0
S_612_780,0
S_612_783,0
S_612_786,0
S_612_790,0
S_612_793,0
S_612_802,0
S_612_804,0
S_612_810,0
S_612_811,0
S_612_825,0
S_612_829,0
S_612_830,0
S_612_836,0
S_612_842,0
S_612_845,0
S_612_846,0
S_612_849,0
S_612_850,0
S_612_853,0
S_628_629,0
S_628_636,0
S_628_637,0
S_628_640,0
S_628_651,0
S_628_658,0
S_628_663,0
S_628_666,0
S_628_667,0
S_628_670,0
S_628_671,0
S_628_686,0
S_628_689,0
S_628_694,0
S_628_695,0
S_628_698,0
S_628_701,0
S_628_702,0
S_628_708,0
S_628_720,0
S_628_721,0
S_628_722,0
S_628_725,0
S_628_731,0
S_628_737,0
S_628_754,0
S_628_765,0
S_628_779,0
S_628_780,0
S_628_783,0
S_628_786,0
S_628_790,0
S_628_793,0
S_628_802,0
S_628_804,0
S_628_810,0
S_628_811,0
S_628_825,0
S_628_829,0
S_628_830,0
S_628_836,0
S_628_842,0
S_628_845,0
S_628_846,0
S_628_849,0
S_628_850,0
S_628_853,0
S_629_636,0
S_629_637,0
S_629_640,0
S_629_651,0
S_629_658,0
S_629_663,0
S_629_666,0
S_629_667,0
S_629_670,0
S_629_671,0
S_629_686,0
S_629_689,0
S_629_694,0
S_629_695,0
S_629_698,0
S_629_701,0
S_629_702,0
S_629_708,0
S_629_720,0
S_629_721,0
S_629_722,0
S_629_725,0
S_629_731,0
S_629_737,0
S_629_754,0
S_629_765,0
S_629_779,0
S_629_780,0
S_629_783,0
S_629_786,0
S_629_790,0
S_629_793,0
S_629_802,0
S_629_804,0
S_629_810,0
S_629_811,0
S_629_825,0
S_629_829,0
S_629_830,0
S_629_836,0
S_629_842,0
S_629_845,0
S_629_846,0
S_629_849,0
S_629_850,0
S_629_853,0
S_636_637,0
S_636_640,0
S_636_651,0
S_636_658,0
S_636_663,0
S_636_666,0
S_636_667,0
S_636_670,0
S_636_671,0
S_636_686,0
S_636_689,0
S_636_694,0
S_636_695,0
S_636_698,0
S_636_701,0
S_636_702,0
S_636_708,0
S_636_720,0
S_636_721,0
S_636_722,0
S_636_725,0
S_636_731,0
S_636_737,0
S_636_754,0
S_636_765,0
S_636_779,0
S_636_780,0
S_636_783,0
S_636_786,0
S_636_790,0
S_636_793,0
S_636_802,0
S_636_804,0
S_636_810,0
S_636_811,0
S_636_825,0
S_636_829,0
S_636_830,0
S_636_836,0
S_636_842,0
S_636_845,0
S_636_846,0
S_636_849,0
S_636_850,0
S_636_853,0
S_637_640,0
S_637_651,0
S_637_658,0
S_637_663,0
S_637_666,0
S_637_667,0
S_637_670,0
S_637_671,0
S_637_686,0
S_637_689,0
S_637_694,0
S_637_695,0
S_637_698,0
S_637_701,0
S_637_702,0
S_637_708,0
S_637_720,0
S_637_721,0
S_637_722,0
S_637_725,0
S_637_731,0
S_637_737,0
S_637_754,0
S_637_765,0
S_637_779,0
S_637_780,0
S_637_783,0
S_637_786,0
S_637_790,0
S_637_793,0
S_637_802,0
S_637_804,0
S_637_810,0
S_637_811,0
S_637_825,0
S_637_829,0
S_637_830,0
S_637_836,0
S_637_842,0
S_637_845,0
S_637_846,0
S_637_849,0
S_637_850,0
S_637_853,0
S_640_651,0
S_640_658,0
S_640_663,0
S_640_666,0
S_640_667,0
S_640_670,0
S_640_671,0
S_640_686,0
S_640_689,0
S_640_694,0
S_640_695,0
S_640_698,0
S_640_701,0
S_640_702,0
S_640_708,0
S_640_720,0
S_640_721,0
S_640_722,0
S_640_725,0
S_640_731,0
S_640_737,0
S_640_754,0
S_640_765,0
S_640_779,0
S_640_780,0
S_640_783,0
S_640_786,0
S_640_790,0
S_640_793,0
S_640_802,0
S_640_804,0
S_640_810,0
S_640_811,0
S_640_825,0
S_640_829,0
S_640_830,0
S_640_836,0
S_640_842,0
S_640_845,0
S_640_846,0
S_640_849,0
S_640_850,0
S_640_853,0
S_651_658,0
S_651_663,0
S_651_666,0
S_651_667,0
S_651_670,0
S_651_671,0
S_651_686,0
S_651_689,0
S_651_694,0
S_651_695,0
S_651_698,0
S_651_701,0
S_651_702,0
S_651_708,0
S_651_720,0
S_651_721,0
S_651_722,0
S_651_725,0
S_651_731,0
S_651_737,0
S_651_754,0
S_651_765,0
S_651_779,0
S_651_780,0
S_651_783,0
S_651_786,0
S_651_790,0
S_651_793,0
S_651_802,0
S_651_804,0
S_651_810,0
S_651_811,0
S_651_825,0
S_651_829,0
S_651_830,0
S_651_836,0
S_651_842,0
S_651_845,0
S_651_846,0
S_651_849,0
S_651_850,0
S_651_853,0
S_658_663,0
S_658_666,0
S_658_667,0
S_658_670,0
S_658_671,0
S_658_686,0
S_658_689,0
S_658_694,0
S_658_695,0
S_658_698,0
S_658_701,0
S_658_702,0
S_658_708,0
S_658_720,0
S_658_721,0
S_658_722,0
S_658_725,0
S_658_731,0
S_658_737,0
S_658_754,0
S_658_765,0
S_658_779,0
S_658_780,0
S_658_783,0
S_658_786,0
S_658_790,0
S_658_793,0
S_658_802,0
S_658_804,0
S_658_810,0
S_658_811,0
S_658_825,0
S_658_829,0
S_658_830,0
S_658_836,0
S_658_842,0
S_658_845,0
S_658_846,0
S_658_849,0
S_658_850,0
S_658_853,0
S_663_666,0
S_663_667,0
S_663_670,0
S_663_671,0
S_663_686,0
S_663_689,0
S_663_694,0
S_663_695,0
S_663_698,0
S_663_701,0
S_663_702,0
S_663_708,0
S_663_720,0
S_663_721,0
S_663_722,0
S_663_725,0
S_663_731,0
S_663_737,0
S_663_754,0
S_663_765,0
S_663_779,0
S_663_780,0
S_663_783,0
S_663_786,0
S_663_790,0
S_663_793,0
S_663_802,0
S_663_804,0
S_663_810,0
S_663_811,0
S_663_825,0
S_663_829,0
S_663_830,0
S_663_836,0
S_663_842,0
S_663_845,0
S_663_846,0
S_663_849,0
S_663_850,0
S_663_853,0
S_666_667,0
S_666_670,0
S_666_671,0
S_666_686,0
S_666_689,0
S_666_694,0
S_666_695,0
S_666_698,0
S_666_701,0
S_666_702,0
S_666_708,0
S_666_720,0
S_666_721,0
S_666_722,0
S_666_725,0
S_666_731,0
S_666_737,0
S_666_754,0
S_666_765,0
S_666_779,0
S_666_780,0
S_666_783,0
S_666_786,0
S_666_790,0
S_666_793,0
S_666_802,0
S_666_804,0
S_666_810,0
S_666_811,0
S_666_825,0
S_666_829,0
S_666_830,0
S_666_836,0
S_666_842,0
S_666_845,0
S_666_846,0
S_666_849,0
S_666_850,0
S_666_853,0
S_667_670,0
S_667_671,0
S_667_686,0
S_667_689,0
S_667_694,0
S_667_695,0
S_667_698,0
S_667_701,0
S_667_702,0
S_667_708,0
S_667_720,0
S_667_721,0
S_667_722,0
S_667_725,0
S_667_731,0
S_667_737,0
S_667_754,0
S_667_765,0
S_667_779,0
S_667_780,0
S_667_783,0
S_667_786,0
S_667_790,0
S_667_793,0
S_667_802,0
S_667_804,0
S_667_810,0
S_667_811,0
S_667_825,0
S_667_829,0
S_667_830,0
S_667_836,0
S_667_842,0
S_667_845,0
S_667_846,0
S_667_849,0
S_667_850,0
S_667_853,0
S_670_671,0
S_670_686,0
S_670_689,0
S_670_694,0
S_670_695,0
S_670_698,0
S_670_701,0
S_670_702,0
S_670_708,0
S_670_720,0
S_670_721,0
S_670_722,0
S_670_725,0
S_670_731,0
S_670_737,0
S_670_754,0
S_670_765,0
S_670_779,0
S_670_780,0
S_670_783,0
S_670_786,0
S_670_790,0
S_670_793,0
S_670_802,0
S_670_804,0
S_670_810,0
S_670_811,0
S_670_825,0
S_670_829,0
S_670_830,0
S_670_836,0
S_670_842,0
S_670_845,0
S_670_846,0
S_670_849,0
S_670_850,0
S_670_853,0
S_671_686,0
S_671_689,0
S_671_694,0
S_671_695,0
S_671_698,0
S_671_701,0
S_671_702,0
S_671_708,0
S_671_720,0
S_671_721,0
S_671_722,0
S_671_725,0
S_671_731,0
S_671_737,0
S_671_754,0
S_671_765,0
S_671_779,0
S_671_780,0
S_671_783,0
S_671_786,0
S_671_790,0
S_671_793,0
S_671_802,0
S_671_804,0
S_671_810,0
S_671_811,0
S_671_825,0
S_671_829,0
S_671_830,0
S_671_836,0
S_671_842,0
S_671_845,0
S_671_846,0
S_671_849,0
S_671_850,0
S_671_853,0
S_686_689,0
S_686_694,0
S_686_695,0
S_686_698,0
S_686_701,0
S_686_702,0
S_686_708,0
S_686_720,0
S_686_721,0
S_686_722,0
S_686_725,0
S_686_731,0
S_686_737,0
S_686_754,0
S_686_765,0
S_686_779,0
S_686_780,0
S_686_783,0
S_686_786,0
S_686_790,0
S_686_793,0
S_686_802,0
S_686_804,0
S_686_810,0
S_686_811,0
S_686_825,0
S_686_829,0
S_686_830,0
S_686_836,0
S_686_842,0
S_686_845,0
S_686_846,0
S_686_849,0
S_686_850,0
S_686_853,0
S_689_694,0
S_689_695,0
S_689_698,0
S_689_701,0
S_689_702,0
S_689_708,0
S_689_720,0
S_689_721,0
S_689_722,0
S_689_725,0
S_689_731,0
S_689_737,0
S_689_754,0
S_689_765,0
S_689_779,0
S_689_780,0
S_689_783,0
S_689_786,0
S_689_790,0
S_689_793,0
S_689_802,0
S_689_804,0
S_689_810,0
S_689_811,0
S_689_825,0
S_689_829,0
S_689_830,0
S_689_836,0
S_689_842,0
S_689_845,0
S_689_846,0
S_689_849,0
S_689_850,0
S_689_853,0
S_694_695,0
S_694_698,0
S_694_701,0
S_694_702,0
S_694_708,0
S_694_720,0
S_694_721,0
S_694_722,0
S_694_725,0
S_694_731,0
S_694_737,0
S_694_754,0
S_694_765,0
S_694_779,0
S_694_780,0
S_694_783,0
S_694_786,0
S_694_790,0
S_694_793,0
S_694_802,0
S_694_804,0
S_694_810,0
S_694_811,0
S_694_825,0
S_694_829,0
S_694_830,0
S_694_836,0
S_694_842,0
S_694_845,0
S_694_846,0
S_694_849,0
S_694_850,0
S_694_853,0
S_695_698,0
S_695_701,0
S_695_702,0
S_695_708,0
S_695_720,0
S_695_721,0
S_695_722,0
S_695_725,0
S_695_731,0
S_695_737,0
S_695_754,0
S_695_765,0
S_695_779,0
S_695_780,0
S_695_783,0
S_695_786,0
S_695_790,0
S_695_793,0
S_695_802,0
S_695_804,0
S_695_810,0
S_695_811,0
S_695_825,0
S_695_829,0
S_695_830,0
S_695_836,0
S_695_842,0
S_695_845,0
S_695_846,0
S_695_849,0
S_695_850,0
S_695_853,0
S_698_701,0
S_698_702,0
S_698_708,0
S_698_720,0
S_698_721,0
S_698_722,0
S_698_725,0
S_698_731,0
S_698_737,0
S_698_754,0
S_698_765,0
S_698_779,0
S_698_780,0
S_698_783,0
S_698_786,0
S_698_790,0
S_698_793,0
S_698_802,0
S_698_804,0
S_698_810,0
S_698_811,0
S_698_825,0
S_698_829,0
S_698_830,0
S_698_836,0
S_698_842,0
S_698_845,0
S_698_846,0
S_698_849,0
S_698_850,0
S_698_853,0
S_701_702,0
S_701_708,0
S_701_720,0
S_701_721,0
S_701_722,0
S_701_725,0
S_701_731,0
S_701_737,0
S_701_754,0
S_701_765,0
S_701_779,0
S_701_780,0
S_701_783,0
S_701_786,0
S_701_790,0
S_701_793,0
S_701_802,0
S_701_804,0
S_701_810,0
S_701_811,0
S_701_825,0
S_701_829,0
S_701_830,0
S_701_836,0
S_701_842,0
S_701_845,0
S_701_846,0
S_701_849,0
S_701_850,0
S_701_853,0
S_702_708,0
S_702_720,0
S_702_721,0
S_702_722,0
S_702_725,0
S_702_731,0
S_702_737,0
S_702_754,0
S_702_765,0
S_702_779,0
S_702_780,0
S_702_783,0
S_702_786,0
S_702_790,0
S_702_793,0
S_702_802,0
S_702_804,0
S_702_810,0
S_702_811,0
S_702_825,0
S_702_829,0
S_702_830,0
S_702_836,0
S_702_842,0
S_702_845,0
S_702_846,0
S_702_849,0
S_702_850,0
S_702_853,0
S_708_720,0
S_708_721,0
S_708_722,0
S_708_725,0
S_708_731,0
S_708_737,0
S_708_754,0
S_708_765,0
S_708_779,0
S_708_780,0
S_708_783,0
S_708_786,0
S_708_790,0
S_708_793,0
S_708_802,0
S_708_804,0
S_708_810,0
S_708_811,0
S_708_825,0
S_708_829,0
S_708_830,0
S_708_836,0
S_708_842,0
S_708_845,0
S_708_846,0
S_708_849,0
S_708_850,0
S_708_853,0
S_720_721,0
S_720_722,0
S_720_725,0
S_720_731,0
S_720_737,0
S_720_754,0
S_720_765,0
S_720_779,0
S_720_780,0
S_720_783,0
S_720_786,0
S_720_790,0
S_720_793,0
S_720_802,0
S_720_804,0
S_720_810,0
S_720_811,0
S_720_825,0
S_720_829,0
S_720_830,0
S_720_836,0
S_720_842,0
S_720_845,0
S_720_846,0
S_720_849,0
S_720_850,0
S_720_853,0
S_721_722,0
S_721_725,0
S_721_731,0
S_721_737,0
S_721_754,0
S_721_765,0
S_721_779,0
S_721_780,0
S_721_783,0
S_721_786,0
S_721_790,0
S_721_793,0
S_721_802,0
S_721_804,0
S_721_810,0
S_721_811,0
S_721_825,0
S_721_829,0
S_721_830,0
S_721_836,0
S_721_842,0
S_721_845,0
S_721_846,0
S_721_849,0
S_721_850,0
S_721_853,0
S_722_725,0
S_722_731,0
S_722_737,0
S_722_754,0
S_722_765,0
S_722_779,0
S_722_780,0
S_722_783,0
S_722_786,0
S_722_790,0
S_722_793,0
S_722_802,0
S_722_804,0
S_722_810,0
S_722_811,0
S_722_825,0
S_722_829,0
S_722_830,0
S_722_836,0
S_722_842,0
S_722_845,0
S_722_846,0
S_722_849,0
S_722_850,0
S_722_853,0
S_725_731,0
S_725_737,0
S_725_754,0
S_725_765,0
S_725_779,0
S_725_780,0
S_725_783,0
S_725_786,0
S_725_790,0
S_725_793,0
S_725_802,0
S_725_804,0
S_725_810,0
S_725_811,0
S_725_825,0
S_725_829,0
S_725_830,0
S_725_836,0
S_725_842,0
S_725_845,0
S_725_846,0
S_725_849,0
S_725_850,0
S_725_853,0
S_731_737,0
S_731_754,0
S_731_765,0
S_731_779,0
S_731_780,0
S_731_783,0
S_731_786,0
S_731_790,0
S_731_793,0
S_731_802,0
S_731_804,0
S_731_810,0
S_731_811,0
S_731_825,0
S_731_829,0
S_731_830,0
S_731_836,0
S_731_842,0
S_731_845,0
S_731_846,0
S_731_849,0
S_731_850,0
S_731_853,0
S_737_754,0
S_737_765,0
S_737_779,0
S_737_780,0
S_737_783,0
S_737_786,0
S_737_790,0
S_737_793,0
S_737_802,0
S_737_804,0
S_737_810,0
S_737_811,0
S_737_825,0
S_737_829,0
S_737_830,0
S_737_836,0
S_737_842,0
S_737_845,0
S_737_846,0
S_737_849,0
S_737_850,0
S_737_853,0
S_754_765,0
S_754_779,0
S_754_780,0
S_754_783,0
S_754_786,0
S_754_790,0
S_754_793,0
S_754_802,0
S_754_804,0
S_754_810,0
S_754_811,0
S_754_825,0
S_754_829,0
S_754_830,0
S_754_836,0
S_754_842,0
S_754_845,0
S_754_846,0
S_754_849,0
S_754_850,0
S_754_853,0
S_765_779,0
S_765_780,0
S_765_783,0
S_765_786,0
S_765_790,0
S_765_793,0
S_765_802,0
S_765_804,0
S_765_810,0
S_765_811,0
S_765_825,0
S_765_829,0
S_765_830,0
S_765_836,0
S_765_842,0
S_765_845,0
S_765_846,0
S_765_849,0
S_765_850,0
S_765_853,0
S_779_780,0
S_779_783,0
S_779_786,0
S_779_790,0
S_779_793,0
S_779_802,0
S_779_804,0
S_779_810,0
S_779_811,0
S_779_825,0
S_779_829,0
S_779_830,0
S_779_836,0
S_779_842,0
S_779_845,0
S_779_846,0
S_779_849,0
S_779_850,0
S_779_853,0
S_780_783,0
S_780_786,0
S_780_790,0
S_780_793,0
S_780_802,0
S_780_804,0
S_780_810,0
S_780_811,0
S_780_825,0
S_780_829,0
S_780_830,0
S_780_836,0
S_780_842,0
S_780_845,0
S_780_846,0
S_780_849,0
S_780_850,0
S_780_853,0
S_783_786,0
S_783_790,0
S_783_793,0
S_783_802,0
S_783_804,0
S_783_810,0
S_783_811,0
S_783_825,0
S_783_829,0
S_783_830,0
S_783_836,0
S_783_842,0
S_783_845,0
S_783_846,0
S_783_849,0
S_783_850,0
S_783_853,0
S_786_790,0
S_786_793,0
S_786_802,0
S_786_804,0
S_786_810,0
S_786_811,0
S_786_825,0
S_786_829,0
S_786_830,0
S_786_836,0
S_786_842,0
S_786_845,0
S_786_846,0
S_786_849,0
S_786_850,0
S_786_853,0
S_790_793,0
S_790_802,0
S_790_804,0
S_790_810,0
S_790_811,0
S_790_825,0
S_790_829,0
S_790_830,0
S_790_836,0
S_790_842,0
S_790_845,0
S_790_846,0
S_790_849,0
S_790_850,0
S_790_853,0
S_793_802,0
S_793_804,0
S_793_810,0
S_793_811,0
S_793_825,0
S_793_829,0
S_793_830,0
S_793_836,0
S_793_842,0
S_793_845,0
S_793_846,0
S_793_849,0
S_793_850,0
S_793_853,0
S_802_804,0
S_802_810,0
S_802_811,0
S_802_825,0
S_802_829,0
S_802_830,0
S_802_836,0
S_802_842,0
S_802_845,0
S_802_846,0
S_802_849,0
S_802_850,0
S_802_853,0
S_804_810,0
S_804_811,0
S_804_825,0
S_804_829,0
S_804_830,0
S_804_836,0
S_804_842,0
S_804_845,0
S_804_846,0
S_804_849,0
S_804_850,0
S_804_853,0
S_810_811,0
S_810_825,0
S_810_829,0
S_810_830,0
S_810_836,0
S_810_842,0
S_810_845,0
S_810_846,0
S_810_849,0
S_810_850,0
S_810_853,0
S_811_825,0
S_811_829,0
S_811_830,0
S_811_836,0
S_811_842,0
S_811_845,0
S_811_846,0
S_811_849,0
S_811_850,0
S_811_853,0
S_825_829,0
S_825_830,0
S_825_836,0
S_825_842,0
S_825_845,0
S_825_846,0
S_825_849,0
S_825_850,0
S_825_853,0
S_829_830,0
S_829_836,0
S_829_842,0
S_829_845,0
S_829_846,0
S_829_849,0
S_829_850,0
S_829_853,0
S_830_836,0
S_830_842,0
S_830_845,0
S_830_846,0
S_830_849,0
S_830_850,0
S_830_853,0
S_836_842,0
S_836_845,0
S_836_846,0
S_836_849,0
S_836_850,0
S_836_853,0
S_842_845,0
S_842_846,0
S_842_849,0
S_842_850,0
S_842_853,0
S_845_846,0
S_845_849,0
S_845_850,0
S_845_853,0
S_846_849,0
S_846_850,0
S_846_853,0
S_849_850,0
S_849_853,0
S_850_853,0
